Officer_Name,Designation,Department,Office_Address,Phone_Office,Phone_Mobile,Email,Office_Hours
Dr. संजय मेहता,Chief Municipal Officer,Administration,"Main Municipal Building, Ground Floor, Room 101, Mumbai - 400001",+91-22-2266-2001,+91-9876543210,sanjay.mehta@dma.gov.in,Mon-Fri: 10 AM - 5 PM
श्रीमती अनुराधा कुलकर्णी,Health Officer,Public Health,"Health Department, 2nd Floor, Annexe Building, Mumbai - 400001",+91-22-2266-2050,+91-9876543211,anuradha.kulkarni@dma.gov.in,Mon-Sat: 9 AM - 4 PM
श्री राजेश गायकवाड,Town Planner,Urban Planning,"Town Planning Office, 3rd Floor, Main Building, Mumbai - 400001",+91-22-2266-2075,+91-9876543212,rajesh.gaikwad@dma.gov.in,Mon-Fri: 10 AM - 5 PM
श्रीमती पूजा नाईक,Education Officer,Education & Culture,"Education Wing, 1st Floor, Civic Center, Mumbai - 400002",+91-22-2266-2100,+91-9876543213,pooja.naik@dma.gov.in,Mon-Sat: 9 AM - 4 PM
